{
  "lang":"de",
  "name":"pipeline",
  "version":"0.0.0",
  "spacy_version":">=3.0.0rc2,<3.1.0",
  "description":"",
  "author":"",
  "email":"",
  "url":"",
  "license":"",
  "spacy_git_version":"ace6ae435",
  "vectors":{
    "width":300,
    "vectors":500000,
    "keys":500000,
    "name":"de_vectors"
  },
  "labels":{
    "tok2vec":[

    ],
    "ner":[
      "ATTR",
      "DAUER",
      "PR\u00c4P",
      "TEMP",
      "TOOL",
      "V",
      "Z",
      "ZEITP"
    ]
  },
  "pipeline":[
    "tok2vec",
    "ner"
  ],
  "components":[
    "tok2vec",
    "ner"
  ],
  "disabled":[

  ],
  "performance":{
    "ents_per_type":{
      "Z":{
        "p":0.9246031746,
        "r":0.932,
        "f":0.9282868526
      },
      "PR\u00c4P":{
        "p":0.8632075472,
        "r":0.953125,
        "f":0.9059405941
      },
      "DAUER":{
        "p":0.7407407407,
        "r":0.7142857143,
        "f":0.7272727273
      },
      "V":{
        "p":0.9673202614,
        "r":0.9715536105,
        "f":0.9694323144
      },
      "ZEITP":{
        "p":0.6086956522,
        "r":0.7368421053,
        "f":0.6666666667
      },
      "ATTR":{
        "p":0.7594936709,
        "r":0.8633093525,
        "f":0.8080808081
      },
      "TOOL":{
        "p":0.8441558442,
        "r":0.8666666667,
        "f":0.8552631579
      },
      "TEMP":{
        "p":0.9523809524,
        "r":0.8695652174,
        "f":0.9090909091
      }
    },
    "ents_f":0.9040288241,
    "ents_p":0.888030888,
    "ents_r":0.9206137425,
    "tok2vec_loss":567.5992428424,
    "ner_loss":635.2545042578
  }
}