{
  "lang":"de",
  "name":"pipeline",
  "version":"0.0.0",
  "spacy_version":">=3.0.0rc2,<3.1.0",
  "description":"",
  "author":"",
  "email":"",
  "url":"",
  "license":"",
  "spacy_git_version":"ace6ae435",
  "vectors":{
    "width":300,
    "vectors":500000,
    "keys":500000,
    "name":"de_vectors"
  },
  "labels":{
    "tok2vec":[

    ],
    "ner":[
      "ATTR",
      "DAUER",
      "PR\u00c4P",
      "TEMP",
      "TOOL",
      "V",
      "Z",
      "ZEITP"
    ]
  },
  "pipeline":[
    "tok2vec",
    "ner"
  ],
  "components":[
    "tok2vec",
    "ner"
  ],
  "disabled":[

  ],
  "performance":{
    "ents_per_type":{
      "Z":{
        "p":0.9292929293,
        "r":0.92,
        "f":0.9246231156
      },
      "PR\u00c4P":{
        "p":0.885,
        "r":0.921875,
        "f":0.9030612245
      },
      "DAUER":{
        "p":0.7777777778,
        "r":0.75,
        "f":0.7636363636
      },
      "V":{
        "p":0.9612068966,
        "r":0.9759299781,
        "f":0.9685124864
      },
      "ZEITP":{
        "p":0.671641791,
        "r":0.7894736842,
        "f":0.7258064516
      },
      "ATTR":{
        "p":0.7388535032,
        "r":0.8345323741,
        "f":0.7837837838
      },
      "TOOL":{
        "p":0.8533333333,
        "r":0.8533333333,
        "f":0.8533333333
      },
      "TEMP":{
        "p":0.9047619048,
        "r":0.8260869565,
        "f":0.8636363636
      }
    },
    "ents_f":0.9030343008,
    "ents_p":0.8930202218,
    "ents_r":0.913275517,
    "tok2vec_loss":147.6666581354,
    "ner_loss":233.5367378778
  }
}