{
  "lang":"de",
  "name":"pipeline",
  "version":"0.0.0",
  "spacy_version":">=3.0.0rc2,<3.1.0",
  "description":"",
  "author":"",
  "email":"",
  "url":"",
  "license":"",
  "spacy_git_version":"ace6ae435",
  "vectors":{
    "width":0,
    "vectors":0,
    "keys":0,
    "name":null
  },
  "labels":{
    "transformer":[

    ],
    "ner":[
      "ATTR",
      "DAUER",
      "PR\u00c4P",
      "TEMP",
      "TOOL",
      "V",
      "Z",
      "ZEITP"
    ]
  },
  "pipeline":[
    "transformer",
    "ner"
  ],
  "components":[
    "transformer",
    "ner"
  ],
  "disabled":[

  ],
  "performance":{
    "ents_per_type":{
      "Z":{
        "p":0.9712092131,
        "r":0.9601518027,
        "f":0.965648855
      },
      "PR\u00c4P":{
        "p":0.972826087,
        "r":0.9623655914,
        "f":0.9675675676
      },
      "TOOL":{
        "p":0.9428571429,
        "r":0.9565217391,
        "f":0.9496402878
      },
      "V":{
        "p":0.9936575053,
        "r":0.9936575053,
        "f":0.9936575053
      },
      "ATTR":{
        "p":0.8988764045,
        "r":0.9638554217,
        "f":0.9302325581
      },
      "DAUER":{
        "p":0.7608695652,
        "r":0.7608695652,
        "f":0.7608695652
      },
      "TEMP":{
        "p":0.3913043478,
        "r":0.6923076923,
        "f":0.5
      },
      "ZEITP":{
        "p":0.9565217391,
        "r":0.9565217391,
        "f":0.9565217391
      }
    },
    "ents_f":0.9579393544,
    "ents_p":0.9532770928,
    "ents_r":0.9626474443,
    "transformer_loss":1398.6849553264,
    "ner_loss":1550.4577898911
  }
}