{
  "lang":"de",
  "name":"pipeline",
  "version":"0.0.0",
  "spacy_version":">=3.0.0rc2,<3.1.0",
  "description":"",
  "author":"",
  "email":"",
  "url":"",
  "license":"",
  "spacy_git_version":"ace6ae435",
  "vectors":{
    "width":300,
    "vectors":500000,
    "keys":500000,
    "name":"de_vectors"
  },
  "labels":{
    "tok2vec":[

    ],
    "ner":[
      "ATTR",
      "DAUER",
      "PR\u00c4P",
      "TEMP",
      "TOOL",
      "V",
      "Z",
      "ZEITP"
    ]
  },
  "pipeline":[
    "tok2vec",
    "ner"
  ],
  "components":[
    "tok2vec",
    "ner"
  ],
  "disabled":[

  ],
  "performance":{
    "ents_per_type":{
      "Z":{
        "p":0.8955223881,
        "r":0.9348441926,
        "f":0.9147609148
      },
      "V":{
        "p":0.9658753709,
        "r":0.9923780488,
        "f":0.9789473684
      },
      "PR\u00c4P":{
        "p":0.90625,
        "r":0.9456521739,
        "f":0.9255319149
      },
      "TOOL":{
        "p":0.8113207547,
        "r":0.8686868687,
        "f":0.8390243902
      },
      "DAUER":{
        "p":0.7666666667,
        "r":0.7301587302,
        "f":0.7479674797
      },
      "ATTR":{
        "p":0.8032786885,
        "r":0.8166666667,
        "f":0.8099173554
      },
      "ZEITP":{
        "p":0.8,
        "r":0.8421052632,
        "f":0.8205128205
      },
      "TEMP":{
        "p":0.7857142857,
        "r":0.8148148148,
        "f":0.8
      }
    },
    "ents_f":0.9118259662,
    "ents_p":0.8966772872,
    "ents_r":0.9274952919,
    "tok2vec_loss":305.7034673496,
    "ner_loss":1063.3928267523
  }
}